,f1-score,precision,recall,support
truthful,0.7587719298245614,0.8009259259259259,0.7208333333333333,240.0
deceptive,0.7817460317460317,0.7462121212121212,0.8208333333333333,240.0
micro avg,0.7708333333333333,0.7708333333333334,0.7708333333333334,480.0
macro avg,0.7702589807852966,0.7735690235690236,0.7708333333333333,480.0
weighted avg,0.7702589807852966,0.7735690235690236,0.7708333333333334,480.0
