,f1-score,precision,recall,support
truthful,0.6185101580135439,0.6748768472906403,0.5708333333333333,240.0
deceptive,0.6731141199226306,0.628158844765343,0.725,240.0
micro avg,0.6479166666666667,0.6479166666666667,0.6479166666666667,480.0
macro avg,0.6458121389680873,0.6515178460279917,0.6479166666666667,480.0
weighted avg,0.6458121389680873,0.6515178460279917,0.6479166666666667,480.0
