,f1-score,precision,recall,support
negative,0.8981288981288982,0.8962655601659751,0.9,240.0
positive,0.8977035490605428,0.899581589958159,0.8958333333333334,240.0
micro avg,0.8979166666666667,0.8979166666666667,0.8979166666666667,480.0
macro avg,0.8979162235947205,0.8979235750620671,0.8979166666666667,480.0
weighted avg,0.8979162235947205,0.8979235750620671,0.8979166666666667,480.0
