,clf__C,mean_test_score,std_test_score,rank_test_score,mean_fit_time
2,0.01,0.703667326598792,0.027926230555107234,1,0.013166332244873047
4,1,0.7024969118863822,0.032481058912508874,2,0.013766717910766602
5,10,0.7017971156245344,0.03157681003301072,3,0.005377960205078125
6,100,0.7017971156245344,0.03157681003301072,3,0.008975028991699219
3,0.1,0.7001619117626569,0.026770003173902514,5,0.020944833755493164
1,0.001,0.692006437309527,0.029041704392323637,6,0.01077127456665039
