,f1-score,precision,recall,support
truthful,0.8766519823788547,0.9299065420560748,0.8291666666666667,240.0
deceptive,0.8893280632411068,0.8458646616541353,0.9375,240.0
micro avg,0.8833333333333333,0.8833333333333333,0.8833333333333333,480.0
macro avg,0.8829900228099807,0.8878856018551051,0.8833333333333333,480.0
weighted avg,0.8829900228099807,0.887885601855105,0.8833333333333333,480.0
