,clf__C,mean_test_score,std_test_score,rank_test_score,mean_fit_time
2,0.01,0.9080737698700204,0.01314574292527708,1,0.04188799858093262
3,0.1,0.9036281142398679,0.01668310334104746,2,0.0656275749206543
1,0.001,0.8989546133806304,0.01119845033907752,3,0.028723526000976562
5,10,0.8941320203724297,0.01644285696224938,4,0.12307109832763671
4,1,0.8931586243260252,0.016278928113882367,5,0.09354791641235352
6,100,0.8898199150982568,0.013148010952926479,6,0.1358339786529541
