,f1-score,precision,recall,support
truthful,0.902127659574468,0.9217391304347826,0.8833333333333333,240.0
deceptive,0.9061224489795918,0.888,0.925,240.0
micro avg,0.9041666666666667,0.9041666666666667,0.9041666666666667,480.0
macro avg,0.9041250542770299,0.9048695652173913,0.9041666666666667,480.0
weighted avg,0.9041250542770299,0.9048695652173913,0.9041666666666667,480.0
