,f1-score,precision,recall,support
negative,0.9628099173553719,0.9549180327868853,0.9708333333333333,240.0
positive,0.9621848739495797,0.9703389830508474,0.9541666666666667,240.0
micro avg,0.9625000000000001,0.9625,0.9625,480.0
macro avg,0.9624973956524758,0.9626285079188663,0.9625,480.0
weighted avg,0.9624973956524757,0.9626285079188663,0.9625,480.0
