,clf__C,mean_test_score,std_test_score,rank_test_score,mean_fit_time
2,0.01,0.6931914563762775,0.0057880972897358,1,0.01136922836303711
3,0.1,0.6887096840947783,0.005652158272024621,2,0.009773159027099609
4,1,0.6881617889253873,0.00646212424525531,3,0.009176158905029297
5,10,0.6881617889253873,0.00646212424525531,3,0.009374332427978516
6,100,0.6881617889253873,0.00646212424525531,3,0.00937480926513672
1,0.001,0.6755494887848202,0.020398979825739905,6,0.023338508605957032
