,clf__C,mean_test_score,std_test_score,rank_test_score,mean_fit_time
2,0.01,0.7837254082437294,0.022369980848728006,1,0.04338626861572266
3,0.1,0.7821207331636965,0.01472767543808616,2,0.06402926445007324
4,1,0.7808803866202367,0.022779267485226355,3,0.09095635414123535
6,100,0.7807506026900549,0.022404082583794623,4,0.1474027156829834
5,10,0.779675815408371,0.023540040046148777,5,0.15438756942749024
1,0.001,0.7682318061791411,0.016305022770003317,6,0.045683765411376955
