,f1-score,precision,recall,support
truthful,0.8688172043010752,0.8977777777777778,0.8416666666666667,240.0
deceptive,0.8767676767676768,0.8509803921568627,0.9041666666666667,240.0
micro avg,0.8729166666666667,0.8729166666666667,0.8729166666666667,480.0
macro avg,0.872792440534376,0.8743790849673203,0.8729166666666667,480.0
weighted avg,0.8727924405343759,0.8743790849673202,0.8729166666666667,480.0
