,f1-score,precision,recall,support
truthful,0.8571428571428571,0.8918918918918919,0.825,240.0
deceptive,0.8674698795180723,0.8372093023255814,0.9,240.0
micro avg,0.8625,0.8625,0.8625,480.0
macro avg,0.8623063683304647,0.8645505971087366,0.8625,480.0
weighted avg,0.8623063683304647,0.8645505971087367,0.8625,480.0
