,f1-score,precision,recall,support
truthful,0.8817204301075269,0.9111111111111111,0.8541666666666666,240.0
deceptive,0.888888888888889,0.8627450980392157,0.9166666666666666,240.0
micro avg,0.8854166666666666,0.8854166666666666,0.8854166666666666,480.0
macro avg,0.8853046594982079,0.8869281045751634,0.8854166666666666,480.0
weighted avg,0.885304659498208,0.8869281045751635,0.8854166666666666,480.0
