,f1-score,precision,recall,support
truthful,0.8950749464668095,0.920704845814978,0.8708333333333333,240.0
deceptive,0.9006085192697769,0.8774703557312253,0.925,240.0
micro avg,0.8979166666666667,0.8979166666666667,0.8979166666666667,480.0
macro avg,0.8978417328682933,0.8990876007731017,0.8979166666666667,480.0
weighted avg,0.8978417328682933,0.8990876007731018,0.8979166666666667,480.0
