,f1-score,precision,recall,support
truthful,0.7835497835497836,0.8153153153153153,0.7541666666666667,240.0
deceptive,0.7991967871485945,0.7713178294573644,0.8291666666666667,240.0
micro avg,0.7916666666666666,0.7916666666666666,0.7916666666666666,480.0
macro avg,0.791373285349189,0.7933165723863398,0.7916666666666667,480.0
weighted avg,0.791373285349189,0.7933165723863399,0.7916666666666666,480.0
