,f1-score,precision,recall,support
truthful,0.8941684665226782,0.9282511210762332,0.8625,240.0
deceptive,0.9014084507042254,0.8715953307392996,0.9333333333333333,240.0
micro avg,0.8979166666666667,0.8979166666666667,0.8979166666666667,480.0
macro avg,0.8977884586134518,0.8999232259077664,0.8979166666666667,480.0
weighted avg,0.8977884586134517,0.8999232259077664,0.8979166666666667,480.0
