,f1-score,precision,recall,support
truthful,0.8997867803837953,0.9213973799126638,0.8791666666666667,240.0
deceptive,0.9042769857433809,0.8844621513944223,0.925,240.0
micro avg,0.9020833333333333,0.9020833333333333,0.9020833333333333,480.0
macro avg,0.9020318830635881,0.9029297656535431,0.9020833333333333,480.0
weighted avg,0.9020318830635881,0.9029297656535431,0.9020833333333333,480.0
