,clf__C,clf__gamma,clf__kernel,mean_test_score,std_test_score,rank_test_score,mean_fit_time
1,10,0.01,rbf,0.8923578988271987,0.01361113831402942,1,0.1122983455657959
3,100,0.01,rbf,0.8921785695037804,0.013792550327958732,2,0.10391874313354492
2,10,0.1,rbf,0.7682463367124888,0.01829502932025212,3,0.18051567077636718
4,100,0.1,rbf,0.7682463367124888,0.01829502932025212,3,0.16017141342163085
