,f1-score,precision,recall,support
truthful,0.8601694915254238,0.875,0.8458333333333333,240.0
deceptive,0.8647540983606558,0.8508064516129032,0.8791666666666667,240.0
micro avg,0.8625,0.8625,0.8625,480.0
macro avg,0.8624617949430398,0.8629032258064516,0.8625,480.0
weighted avg,0.8624617949430397,0.8629032258064516,0.8625,480.0
