,clf__C,clf__gamma,clf__kernel,mean_test_score,std_test_score,rank_test_score,mean_fit_time
3,100,0.01,rbf,0.7705451567562877,0.02099339621365014,1,0.17682747840881347
1,10,0.01,rbf,0.7698512266950815,0.020468619033368073,2,0.18311047554016113
2,10,0.1,rbf,0.6263711036242049,0.09214827188308494,3,0.18672876358032225
4,100,0.1,rbf,0.6263711036242049,0.09214827188308494,3,0.1473076820373535
